[
  {
    "timestamp": "2025-08-13T16:42:45.037Z",
    "type": "SiteErisim",
    "ip": "::1",
    "url": "/api/stats/logs"
  },
  {
    "timestamp": "2025-08-13T16:42:45.789Z",
    "type": "SiteErisim",
    "ip": "::1",
    "url": "/api/stats/users"
  },
  {
    "timestamp": "2025-08-13T16:42:45.794Z",
    "type": "SiteErisim",
    "ip": "::1",
    "url": "/api/stats/logs"
  },
  {
    "timestamp": "2025-08-13T16:42:45.800Z",
    "type": "SiteErisim",
    "ip": "::1",
    "url": "/api/stats/logs"
  },
  {
    "timestamp": "2025-08-13T16:42:47.127Z",
    "type": "SiteErisim",
    "ip": "::1",
    "url": "/api/stats/users"
  },
  {
    "timestamp": "2025-08-13T16:42:47.132Z",
    "type": "SiteErisim",
    "ip": "::1",
    "url": "/api/stats/users"
  },
  {
    "timestamp": "2025-08-13T16:42:47.140Z",
    "type": "SiteErisim",
    "ip": "::1",
    "url": "/api/stats/logs"
  },
  {
    "timestamp": "2025-08-13T16:42:53.546Z",
    "type": "SiteErisim",
    "ip": "::1",
    "url": "/api/stats/logs"
  },
  {
    "timestamp": "2025-08-13T16:42:55.117Z",
    "type": "SiteErisim",
    "ip": "::1",
    "url": "/api/stats/users"
  },
  {
    "timestamp": "2025-08-13T16:42:57.138Z",
    "type": "SiteErisim",
    "ip": "::1",
    "url": "/api/stats/logs"
  },
  {
    "timestamp": "2025-08-13T16:43:07.140Z",
    "type": "SiteErisim",
    "ip": "::1",
    "url": "/api/stats/logs"
  },
  {
    "timestamp": "2025-08-13T16:43:17.134Z",
    "type": "SiteErisim",
    "ip": "::1",
    "url": "/api/stats/users"
  },
  {
    "timestamp": "2025-08-13T16:43:17.138Z",
    "type": "SiteErisim",
    "ip": "::1",
    "url": "/api/stats/logs"
  },
  {
    "timestamp": "2025-08-13T16:43:17.142Z",
    "type": "SiteErisim",
    "ip": "::1",
    "url": "/api/stats/logs"
  },
  {
    "timestamp": "2025-08-13T16:43:17.859Z",
    "type": "SiteErisim",
    "ip": "::1",
    "url": "/api/stats/users"
  },
  {
    "timestamp": "2025-08-13T16:43:17.861Z",
    "type": "SiteErisim",
    "ip": "::1",
    "url": "/api/stats/users"
  },
  {
    "timestamp": "2025-08-13T16:43:17.863Z",
    "type": "SiteErisim",
    "ip": "::1",
    "url": "/api/stats/logs"
  },
  {
    "timestamp": "2025-08-13T16:43:17.878Z",
    "type": "SiteErisim",
    "ip": "::1",
    "url": "/api/stats/logs"
  },
  {
    "timestamp": "2025-08-13T16:43:18.666Z",
    "type": "SiteErisim",
    "ip": "::1",
    "url": "/api/stats/users"
  },
  {
    "timestamp": "2025-08-13T16:43:19.217Z",
    "type": "SiteErisim",
    "ip": "::1",
    "url": "/images/about-image2.svg"
  },
  {
    "timestamp": "2025-08-13T16:43:19.255Z",
    "type": "SiteErisim",
    "ip": "::1",
    "url": "/images/download-bg.jpg"
  },
  {
    "timestamp": "2025-08-13T16:43:28.349Z",
    "type": "SiteErisim",
    "ip": "::1",
    "url": "/favicon.ico"
  },
  {
    "timestamp": "2025-08-13T16:43:47.829Z",
    "type": "SiteErisim",
    "ip": "::1",
    "url": "/api/stats/users"
  },
  {
    "timestamp": "2025-08-13T16:43:47.832Z",
    "type": "SiteErisim",
    "ip": "::1",
    "url": "/api/stats/users"
  },
  {
    "timestamp": "2025-08-13T16:43:47.877Z",
    "type": "SiteErisim",
    "ip": "::1",
    "url": "/api/stats/logs"
  },
  {
    "timestamp": "2025-08-13T16:43:48.047Z",
    "type": "SiteErisim",
    "ip": "::1",
    "url": "/api/stats/logs"
  },
  {
    "timestamp": "2025-08-13T16:43:50.402Z",
    "type": "SiteErisim",
    "ip": "::1",
    "url": "/api/stats/users"
  },
  {
    "timestamp": "2025-08-13T16:43:57.877Z",
    "type": "SiteErisim",
    "ip": "::1",
    "url": "/api/stats/logs"
  },
  {
    "timestamp": "2025-08-13T16:44:07.878Z",
    "type": "SiteErisim",
    "ip": "::1",
    "url": "/api/stats/logs"
  },
  {
    "timestamp": "2025-08-13T16:44:17.848Z",
    "type": "SiteErisim",
    "ip": "::1",
    "url": "/api/stats/users"
  },
  {
    "timestamp": "2025-08-13T16:44:17.852Z",
    "type": "SiteErisim",
    "ip": "::1",
    "url": "/api/stats/logs"
  },
  {
    "timestamp": "2025-08-13T16:44:17.879Z",
    "type": "SiteErisim",
    "ip": "::1",
    "url": "/api/stats/logs"
  },
  {
    "timestamp": "2025-08-13T16:44:27.883Z",
    "type": "SiteErisim",
    "ip": "::1",
    "url": "/api/stats/logs"
  },
  {
    "timestamp": "2025-08-13T16:44:37.878Z",
    "type": "SiteErisim",
    "ip": "::1",
    "url": "/api/stats/logs"
  },
  {
    "timestamp": "2025-08-13T16:44:47.835Z",
    "type": "SiteErisim",
    "ip": "::1",
    "url": "/api/stats/users"
  },
  {
    "timestamp": "2025-08-13T16:44:47.840Z",
    "type": "SiteErisim",
    "ip": "::1",
    "url": "/api/stats/logs"
  },
  {
    "timestamp": "2025-08-13T16:44:47.878Z",
    "type": "SiteErisim",
    "ip": "::1",
    "url": "/api/stats/logs"
  },
  {
    "timestamp": "2025-08-13T16:45:46.104Z",
    "type": "SiteErisim",
    "ip": "::1",
    "url": "/images/about-image2.svg"
  },
  {
    "timestamp": "2025-08-13T16:45:46.157Z",
    "type": "SiteErisim",
    "ip": "::1",
    "url": "/images/download-bg.jpg"
  },
  {
    "timestamp": "2025-08-13T16:45:50.909Z",
    "type": "SiteErisim",
    "ip": "::1",
    "url": "/api/stats/users"
  },
  {
    "timestamp": "2025-08-13T16:45:50.912Z",
    "type": "SiteErisim",
    "ip": "::1",
    "url": "/api/stats/users"
  },
  {
    "timestamp": "2025-08-13T16:45:50.919Z",
    "type": "SiteErisim",
    "ip": "::1",
    "url": "/api/stats/logs"
  },
  {
    "timestamp": "2025-08-13T16:45:51.063Z",
    "type": "SiteErisim",
    "ip": "::1",
    "url": "/api/stats/logs"
  },
  {
    "timestamp": "2025-08-13T16:46:00.646Z",
    "type": "SiteErisim",
    "ip": "::1",
    "url": "/api/admin-users"
  },
  {
    "timestamp": "2025-08-13T16:46:03.580Z",
    "type": "SiteErisim",
    "ip": "::1",
    "url": "/api/admin-users"
  },
  {
    "timestamp": "2025-08-13T16:46:20.162Z",
    "type": "SiteErisim",
    "ip": "::1",
    "url": "/api/admin-users"
  },
  {
    "timestamp": "2025-08-13T16:46:32.675Z",
    "type": "SiteErisim",
    "ip": "::1",
    "url": "/api/admin-users"
  },
  {
    "timestamp": "2025-08-13T16:46:39.331Z",
    "type": "SiteErisim",
    "ip": "::1",
    "url": "/api/admin-users"
  },
  {
    "timestamp": "2025-08-17T13:18:09.783Z",
    "type": "SiteErisim",
    "ip": "::1",
    "url": "/images/about-image2.svg"
  },
  {
    "timestamp": "2025-08-17T13:18:09.999Z",
    "type": "SiteErisim",
    "ip": "::1",
    "url": "/images/download-bg.jpg"
  }
]